Sn,fourCharacterID,siteName,District,State
1,BAUN,Bahundanda,Lamjung,Gandaki
2,BDPU,Bhadrapur,Jhapa,Koshi
3,BHND,Bhandara,Chitwan,Bagmati
4,BLWA,Balewa,Baglung,Gandaki
5,BRDB,Bardibas,Mahottari,Madhesh
6,BRGH,Bardaghat,Nawalparsi West,Lumbini
7,CHJR,Chaurjahari,Rukum West,Karnali
8,DDCH,Dodhara Chadani,Kanchanpur,Sudurpaschim
9,DHKT,Dhankuta,Dhankuta,Koshi
10,DHNC,Dhunche,Rasuwa,Bagmati
11,DKTL,Diktel,Khotang,Koshi
12,DPYL,Dipayal,Doti,Sudurpaschim
13,JMBK,Jambukandh,Dailekh,Karnali
14,JOMS,Jomsom,Mustang,Gandaki
15,JUML,Jumla,Jumla,Karnali
16,JUPH,Juphal,Dolpa,Karnali
17,KKRL,Khakraula,Kailali,Sudurpaschim
18,KLBJ,Kalabanjar,Banke,Lumbini
19,LMHI,Lamahi,Dang,Lumbini
20,LRCH,Larcha,Sindupalchok,Bagmati
21,MNTH,Manthali,Ramechhap,Bagmati
22,MRTD,Martadi,Bajura,Sudurpaschim
23,NAGR,Nagarkot,Bhaktapur,Bagmati
24,NAPI,Napi Bibhag,Kathmandu,Bagmati
25,PATO,Pato,Saptari,Madhesh
26,PHPL,Phaplu,Solukhumbu,Koshi
27,PKLI,Pakali,Sunsari,Koshi
28,PLWA,Piluwa,Bara,Madhesh
29,PSTI,Pasti,Darchula,Sudurpaschim
30,SUKE,Suketar,Taplejung,Koshi
31,TLKT,Tilaurakot,Kapilbastu,Lumbini
